customer_id,customer_name,customer_location
1,"Emma Clark","New York"
2,"Emily Johnson","San Francisco"
3,"John Doe",Denver
4,"Olivia Wilson",Dallas
5,"John Doe",Dallas
6,"Emma Clark",Houston
7,"Sophia Miller",Miami
8,"Sophia Miller",Boston
9,"David Lee",Boston
10,"Michael Brown",Dallas
11,"Daniel Harris","San Francisco"
12,"Michael Brown",Miami
13,"John Doe",Seattle
14,"John Doe",Boston
15,"Michael Brown","Los Angeles"
16,"Olivia Wilson",Houston
17,"Olivia Wilson",Seattle
18,"Chris White",Miami
19,"Chris White",Dallas
20,"Sophia Miller",Seattle
21,"Olivia Wilson",Boston
22,"Daniel Harris","New York"
23,"Jane Smith",Chicago
24,"Sophia Miller",Denver
25,"Emily Johnson",Dallas
26,"John Doe",Houston
27,"Michael Brown",Seattle
28,"Olivia Wilson","New York"
29,"Jane Smith","New York"
30,"Emma Clark",Denver
31,"Michael Brown","New York"
32,"Olivia Wilson",Chicago
33,"Olivia Wilson","San Francisco"
34,"Emily Johnson",Seattle
35,"Jane Smith",Miami
36,"Jane Smith",Denver
37,"Chris White",Houston
38,"David Lee",Houston
39,"Emma Clark",Chicago
40,"John Doe","San Francisco"
41,"Emily Johnson","Los Angeles"
42,"Sophia Miller",Dallas
43,"Emma Clark",Dallas
44,"Jane Smith","Los Angeles"
45,"Daniel Harris",Dallas
46,"Jane Smith",Dallas
47,"Emma Clark",Miami
48,"Emily Johnson",Denver
49,"Emma Clark","San Francisco"
50,"Michael Brown",Denver
51,"Chris White","New York"
52,"Emily Johnson",Boston
53,"Daniel Harris",Houston
54,"Emily Johnson",Miami
55,"Daniel Harris",Boston
56,"Emma Clark","Los Angeles"
57,"Sophia Miller","San Francisco"
58,"Michael Brown",Chicago
59,"Jane Smith",Seattle
60,"Michael Brown",Houston
61,"Chris White",Seattle
62,"Emily Johnson",Houston
63,"David Lee",Denver
64,"Daniel Harris",Seattle
65,"Jane Smith",Houston
66,"Jane Smith",Boston
67,"Daniel Harris",Miami
68,"David Lee",Dallas
69,"David Lee","San Francisco"
70,"Olivia Wilson",Miami
71,"Chris White",Chicago
72,"John Doe",Miami
73,"Chris White",Boston
74,"Emma Clark",Seattle
75,"Emily Johnson","New York"
76,"Daniel Harris",Chicago
77,"David Lee",Chicago
78,"John Doe","Los Angeles"
79,"Emma Clark",Boston
80,"Olivia Wilson",Denver
81,"Michael Brown",Boston
82,"David Lee","New York"
83,"David Lee",Miami
84,"Emily Johnson",Chicago
85,"David Lee","Los Angeles"
86,"John Doe","New York"
87,"Sophia Miller",Houston
88,"Chris White","Los Angeles"
89,"Michael Brown","San Francisco"
90,"Sophia Miller","New York"
91,"Jane Smith","San Francisco"
92,"Chris White",Denver
93,"Emma Clark","New York"
94,"Emily Johnson","San Francisco"
95,"John Doe",Denver
96,"Olivia Wilson",Dallas
97,"John Doe",Dallas
98,"Emma Clark",Houston
99,"Sophia Miller",Miami
100,"Sophia Miller",Boston
101,"David Lee",Boston
102,"Michael Brown",Dallas
103,"Daniel Harris","San Francisco"
104,"Michael Brown",Miami
105,"John Doe",Seattle
106,"John Doe",Boston
107,"Michael Brown","Los Angeles"
108,"Olivia Wilson",Houston
109,"Olivia Wilson",Seattle
110,"Chris White",Miami
111,"Chris White",Dallas
112,"Sophia Miller",Seattle
113,"Olivia Wilson",Boston
114,"Daniel Harris","New York"
115,"Jane Smith",Chicago
116,"Sophia Miller",Denver
117,"Emily Johnson",Dallas
118,"John Doe",Houston
119,"Michael Brown",Seattle
120,"Olivia Wilson","New York"
121,"Jane Smith","New York"
122,"Emma Clark",Denver
123,"Michael Brown","New York"
124,"Olivia Wilson",Chicago
125,"Olivia Wilson","San Francisco"
126,"Emily Johnson",Seattle
127,"Jane Smith",Miami
128,"Jane Smith",Denver
129,"Chris White",Houston
130,"David Lee",Houston
131,"Emma Clark",Chicago
132,"John Doe","San Francisco"
133,"Emily Johnson","Los Angeles"
134,"Sophia Miller",Dallas
135,"Emma Clark",Dallas
136,"Jane Smith","Los Angeles"
137,"Daniel Harris",Dallas
138,"Jane Smith",Dallas
139,"Emma Clark",Miami
140,"Emily Johnson",Denver
141,"Emma Clark","San Francisco"
142,"Michael Brown",Denver
143,"Chris White","New York"
144,"Emily Johnson",Boston
145,"Daniel Harris",Houston
146,"Emily Johnson",Miami
147,"Daniel Harris",Boston
148,"Emma Clark","Los Angeles"
149,"Sophia Miller","San Francisco"
150,"Michael Brown",Chicago
151,"Jane Smith",Seattle
152,"Michael Brown",Houston
153,"Chris White",Seattle
154,"Emily Johnson",Houston
155,"David Lee",Denver
156,"Daniel Harris",Seattle
157,"Jane Smith",Houston
158,"Jane Smith",Boston
159,"Daniel Harris",Miami
160,"David Lee",Dallas
161,"David Lee","San Francisco"
162,"Olivia Wilson",Miami
163,"Chris White",Chicago
164,"John Doe",Miami
165,"Chris White",Boston
166,"Emma Clark",Seattle
167,"Emily Johnson","New York"
168,"Daniel Harris",Chicago
169,"David Lee",Chicago
170,"John Doe","Los Angeles"
171,"Emma Clark",Boston
172,"Olivia Wilson",Denver
173,"Michael Brown",Boston
174,"David Lee","New York"
175,"David Lee",Miami
176,"Emily Johnson",Chicago
177,"David Lee","Los Angeles"
178,"John Doe","New York"
179,"Sophia Miller",Houston
180,"Chris White","Los Angeles"
181,"Michael Brown","San Francisco"
182,"Sophia Miller","New York"
183,"Jane Smith","San Francisco"
184,"Chris White",Denver
185,"Emma Clark","New York"
186,"Emily Johnson","San Francisco"
187,"John Doe",Denver
188,"Olivia Wilson",Dallas
189,"John Doe",Dallas
190,"Emma Clark",Houston
191,"Sophia Miller",Miami
192,"Sophia Miller",Boston
193,"David Lee",Boston
194,"Michael Brown",Dallas
195,"Daniel Harris","San Francisco"
196,"Michael Brown",Miami
197,"John Doe",Seattle
198,"John Doe",Boston
199,"Michael Brown","Los Angeles"
200,"Olivia Wilson",Houston
201,"Olivia Wilson",Seattle
202,"Chris White",Miami
203,"Chris White",Dallas
204,"Sophia Miller",Seattle
205,"Olivia Wilson",Boston
206,"Daniel Harris","New York"
207,"Jane Smith",Chicago
208,"Sophia Miller",Denver
209,"Emily Johnson",Dallas
210,"John Doe",Houston
211,"Michael Brown",Seattle
212,"Olivia Wilson","New York"
213,"Jane Smith","New York"
214,"Emma Clark",Denver
215,"Michael Brown","New York"
216,"Olivia Wilson",Chicago
217,"Olivia Wilson","San Francisco"
218,"Emily Johnson",Seattle
219,"Jane Smith",Miami
220,"Jane Smith",Denver
221,"Chris White",Houston
222,"David Lee",Houston
223,"Emma Clark",Chicago
224,"John Doe","San Francisco"
225,"Emily Johnson","Los Angeles"
226,"Sophia Miller",Dallas
227,"Emma Clark",Dallas
228,"Jane Smith","Los Angeles"
229,"Daniel Harris",Dallas
230,"Jane Smith",Dallas
231,"Emma Clark",Miami
232,"Emily Johnson",Denver
233,"Emma Clark","San Francisco"
234,"Michael Brown",Denver
235,"Chris White","New York"
236,"Emily Johnson",Boston
237,"Daniel Harris",Houston
238,"Emily Johnson",Miami
239,"Daniel Harris",Boston
240,"Emma Clark","Los Angeles"
241,"Sophia Miller","San Francisco"
242,"Michael Brown",Chicago
243,"Jane Smith",Seattle
244,"Michael Brown",Houston
245,"Chris White",Seattle
246,"Emily Johnson",Houston
247,"David Lee",Denver
248,"Daniel Harris",Seattle
249,"Jane Smith",Houston
250,"Jane Smith",Boston
251,"Daniel Harris",Miami
252,"David Lee",Dallas
253,"David Lee","San Francisco"
254,"Olivia Wilson",Miami
255,"Chris White",Chicago
256,"John Doe",Miami
257,"Chris White",Boston
258,"Emma Clark",Seattle
259,"Emily Johnson","New York"
260,"Daniel Harris",Chicago
261,"David Lee",Chicago
262,"John Doe","Los Angeles"
263,"Emma Clark",Boston
264,"Olivia Wilson",Denver
265,"Michael Brown",Boston
266,"David Lee","New York"
267,"David Lee",Miami
268,"Emily Johnson",Chicago
269,"David Lee","Los Angeles"
270,"John Doe","New York"
271,"Sophia Miller",Houston
272,"Chris White","Los Angeles"
273,"Michael Brown","San Francisco"
274,"Sophia Miller","New York"
275,"Jane Smith","San Francisco"
276,"Chris White",Denver
277,"Emma Clark","New York"
278,"Emily Johnson","San Francisco"
279,"John Doe",Denver
280,"Olivia Wilson",Dallas
281,"John Doe",Dallas
282,"Emma Clark",Houston
283,"Sophia Miller",Miami
284,"Sophia Miller",Boston
285,"David Lee",Boston
286,"Michael Brown",Dallas
287,"Daniel Harris","San Francisco"
288,"Michael Brown",Miami
289,"John Doe",Seattle
290,"John Doe",Boston
291,"Michael Brown","Los Angeles"
292,"Olivia Wilson",Houston
293,"Olivia Wilson",Seattle
294,"Chris White",Miami
295,"Chris White",Dallas
296,"Sophia Miller",Seattle
297,"Olivia Wilson",Boston
298,"Daniel Harris","New York"
299,"Jane Smith",Chicago
300,"Sophia Miller",Denver
301,"Emily Johnson",Dallas
302,"John Doe",Houston
303,"Michael Brown",Seattle
304,"Olivia Wilson","New York"
305,"Jane Smith","New York"
306,"Emma Clark",Denver
307,"Michael Brown","New York"
308,"Olivia Wilson",Chicago
309,"Olivia Wilson","San Francisco"
310,"Emily Johnson",Seattle
311,"Jane Smith",Miami
312,"Jane Smith",Denver
313,"Chris White",Houston
314,"David Lee",Houston
315,"Emma Clark",Chicago
316,"John Doe","San Francisco"
317,"Emily Johnson","Los Angeles"
318,"Sophia Miller",Dallas
319,"Emma Clark",Dallas
320,"Jane Smith","Los Angeles"
321,"Daniel Harris",Dallas
322,"Jane Smith",Dallas
323,"Emma Clark",Miami
324,"Emily Johnson",Denver
325,"Emma Clark","San Francisco"
326,"Michael Brown",Denver
327,"Chris White","New York"
328,"Emily Johnson",Boston
329,"Daniel Harris",Houston
330,"Emily Johnson",Miami
331,"Daniel Harris",Boston
332,"Emma Clark","Los Angeles"
333,"Sophia Miller","San Francisco"
334,"Michael Brown",Chicago
335,"Jane Smith",Seattle
336,"Michael Brown",Houston
337,"Chris White",Seattle
338,"Emily Johnson",Houston
339,"David Lee",Denver
340,"Daniel Harris",Seattle
341,"Jane Smith",Houston
342,"Jane Smith",Boston
343,"Daniel Harris",Miami
344,"David Lee",Dallas
345,"David Lee","San Francisco"
346,"Olivia Wilson",Miami
347,"Chris White",Chicago
348,"John Doe",Miami
349,"Chris White",Boston
350,"Emma Clark",Seattle
351,"Emily Johnson","New York"
352,"Daniel Harris",Chicago
353,"David Lee",Chicago
354,"John Doe","Los Angeles"
355,"Emma Clark",Boston
356,"Olivia Wilson",Denver
357,"Michael Brown",Boston
358,"David Lee","New York"
359,"David Lee",Miami
360,"Emily Johnson",Chicago
361,"David Lee","Los Angeles"
362,"John Doe","New York"
363,"Sophia Miller",Houston
364,"Chris White","Los Angeles"
365,"Michael Brown","San Francisco"
366,"Sophia Miller","New York"
367,"Jane Smith","San Francisco"
368,"Chris White",Denver
369,"Emma Clark","New York"
370,"Emily Johnson","San Francisco"
371,"John Doe",Denver
372,"Olivia Wilson",Dallas
373,"John Doe",Dallas
374,"Emma Clark",Houston
375,"Sophia Miller",Miami
376,"Sophia Miller",Boston
377,"David Lee",Boston
378,"Michael Brown",Dallas
379,"Daniel Harris","San Francisco"
380,"Michael Brown",Miami
381,"John Doe",Seattle
382,"John Doe",Boston
383,"Michael Brown","Los Angeles"
384,"Olivia Wilson",Houston
385,"Olivia Wilson",Seattle
386,"Chris White",Miami
387,"Chris White",Dallas
388,"Sophia Miller",Seattle
389,"Olivia Wilson",Boston
390,"Daniel Harris","New York"
391,"Jane Smith",Chicago
392,"Sophia Miller",Denver
393,"Emily Johnson",Dallas
394,"John Doe",Houston
395,"Michael Brown",Seattle
396,"Olivia Wilson","New York"
397,"Jane Smith","New York"
398,"Emma Clark",Denver
399,"Michael Brown","New York"
400,"Olivia Wilson",Chicago
401,"Olivia Wilson","San Francisco"
402,"Emily Johnson",Seattle
403,"Jane Smith",Miami
404,"Jane Smith",Denver
405,"Chris White",Houston
406,"David Lee",Houston
407,"Emma Clark",Chicago
408,"John Doe","San Francisco"
409,"Emily Johnson","Los Angeles"
410,"Sophia Miller",Dallas
411,"Emma Clark",Dallas
412,"Jane Smith","Los Angeles"
413,"Daniel Harris",Dallas
414,"Jane Smith",Dallas
415,"Emma Clark",Miami
416,"Emily Johnson",Denver
417,"Emma Clark","San Francisco"
418,"Michael Brown",Denver
419,"Chris White","New York"
420,"Emily Johnson",Boston
421,"Daniel Harris",Houston
422,"Emily Johnson",Miami
423,"Daniel Harris",Boston
424,"Emma Clark","Los Angeles"
425,"Sophia Miller","San Francisco"
426,"Michael Brown",Chicago
427,"Jane Smith",Seattle
428,"Michael Brown",Houston
429,"Chris White",Seattle
430,"Emily Johnson",Houston
431,"David Lee",Denver
432,"Daniel Harris",Seattle
433,"Jane Smith",Houston
434,"Jane Smith",Boston
435,"Daniel Harris",Miami
436,"David Lee",Dallas
437,"David Lee","San Francisco"
438,"Olivia Wilson",Miami
439,"Chris White",Chicago
440,"John Doe",Miami
441,"Chris White",Boston
442,"Emma Clark",Seattle
443,"Emily Johnson","New York"
444,"Daniel Harris",Chicago
445,"David Lee",Chicago
446,"John Doe","Los Angeles"
447,"Emma Clark",Boston
448,"Olivia Wilson",Denver
449,"Michael Brown",Boston
450,"David Lee","New York"
451,"David Lee",Miami
452,"Emily Johnson",Chicago
453,"David Lee","Los Angeles"
454,"John Doe","New York"
455,"Sophia Miller",Houston
456,"Chris White","Los Angeles"
457,"Michael Brown","San Francisco"
458,"Sophia Miller","New York"
459,"Jane Smith","San Francisco"
460,"Chris White",Denver
461,"Emma Clark","New York"
462,"Emily Johnson","San Francisco"
463,"John Doe",Denver
464,"Olivia Wilson",Dallas
465,"John Doe",Dallas
466,"Emma Clark",Houston
467,"Sophia Miller",Miami
468,"Sophia Miller",Boston
469,"David Lee",Boston
470,"Michael Brown",Dallas
471,"Daniel Harris","San Francisco"
472,"Michael Brown",Miami
473,"John Doe",Seattle
474,"John Doe",Boston
475,"Michael Brown","Los Angeles"
476,"Olivia Wilson",Houston
477,"Olivia Wilson",Seattle
478,"Chris White",Miami
479,"Chris White",Dallas
480,"Sophia Miller",Seattle
481,"Olivia Wilson",Boston
482,"Daniel Harris","New York"
483,"Jane Smith",Chicago
484,"Sophia Miller",Denver
485,"Emily Johnson",Dallas
486,"John Doe",Houston
487,"Michael Brown",Seattle
488,"Olivia Wilson","New York"
489,"Jane Smith","New York"
490,"Emma Clark",Denver
491,"Michael Brown","New York"
492,"Olivia Wilson",Chicago
493,"Olivia Wilson","San Francisco"
494,"Emily Johnson",Seattle
495,"Jane Smith",Miami
496,"Jane Smith",Denver
497,"Chris White",Houston
498,"David Lee",Houston
499,"Emma Clark",Chicago
500,"John Doe","San Francisco"
501,"Emily Johnson","Los Angeles"
502,"Sophia Miller",Dallas
503,"Emma Clark",Dallas
504,"Jane Smith","Los Angeles"
505,"Daniel Harris",Dallas
506,"Jane Smith",Dallas
507,"Emma Clark",Miami
508,"Emily Johnson",Denver
509,"Emma Clark","San Francisco"
510,"Michael Brown",Denver
511,"Chris White","New York"
512,"Emily Johnson",Boston
513,"Daniel Harris",Houston
514,"Emily Johnson",Miami
515,"Daniel Harris",Boston
516,"Emma Clark","Los Angeles"
517,"Sophia Miller","San Francisco"
518,"Michael Brown",Chicago
519,"Jane Smith",Seattle
520,"Michael Brown",Houston
521,"Chris White",Seattle
522,"Emily Johnson",Houston
523,"David Lee",Denver
524,"Daniel Harris",Seattle
525,"Jane Smith",Houston
526,"Jane Smith",Boston
527,"Daniel Harris",Miami
528,"David Lee",Dallas
529,"David Lee","San Francisco"
530,"Olivia Wilson",Miami
531,"Chris White",Chicago
532,"John Doe",Miami
533,"Chris White",Boston
534,"Emma Clark",Seattle
535,"Emily Johnson","New York"
536,"Daniel Harris",Chicago
537,"David Lee",Chicago
538,"John Doe","Los Angeles"
539,"Emma Clark",Boston
540,"Olivia Wilson",Denver
541,"Michael Brown",Boston
542,"David Lee","New York"
543,"David Lee",Miami
544,"Emily Johnson",Chicago
545,"David Lee","Los Angeles"
546,"John Doe","New York"
547,"Sophia Miller",Houston
548,"Chris White","Los Angeles"
549,"Michael Brown","San Francisco"
550,"Sophia Miller","New York"
551,"Jane Smith","San Francisco"
552,"Chris White",Denver
553,"Emma Clark","New York"
554,"Emily Johnson","San Francisco"
555,"John Doe",Denver
556,"Olivia Wilson",Dallas
557,"John Doe",Dallas
558,"Emma Clark",Houston
559,"Sophia Miller",Miami
560,"Sophia Miller",Boston
561,"David Lee",Boston
562,"Michael Brown",Dallas
563,"Daniel Harris","San Francisco"
564,"Michael Brown",Miami
565,"John Doe",Seattle
566,"John Doe",Boston
567,"Michael Brown","Los Angeles"
568,"Olivia Wilson",Houston
569,"Olivia Wilson",Seattle
570,"Chris White",Miami
571,"Chris White",Dallas
572,"Sophia Miller",Seattle
573,"Olivia Wilson",Boston
574,"Daniel Harris","New York"
575,"Jane Smith",Chicago
576,"Sophia Miller",Denver
577,"Emily Johnson",Dallas
578,"John Doe",Houston
579,"Michael Brown",Seattle
580,"Olivia Wilson","New York"
581,"Jane Smith","New York"
582,"Emma Clark",Denver
583,"Michael Brown","New York"
584,"Olivia Wilson",Chicago
585,"Olivia Wilson","San Francisco"
586,"Emily Johnson",Seattle
587,"Jane Smith",Miami
588,"Jane Smith",Denver
589,"Chris White",Houston
590,"David Lee",Houston
591,"Emma Clark",Chicago
592,"John Doe","San Francisco"
593,"Emily Johnson","Los Angeles"
594,"Sophia Miller",Dallas
595,"Emma Clark",Dallas
596,"Jane Smith","Los Angeles"
597,"Daniel Harris",Dallas
598,"Jane Smith",Dallas
599,"Emma Clark",Miami
600,"Emily Johnson",Denver
601,"Emma Clark","San Francisco"
602,"Michael Brown",Denver
603,"Chris White","New York"
604,"Emily Johnson",Boston
605,"Daniel Harris",Houston
606,"Emily Johnson",Miami
607,"Daniel Harris",Boston
608,"Emma Clark","Los Angeles"
609,"Sophia Miller","San Francisco"
610,"Michael Brown",Chicago
611,"Jane Smith",Seattle
612,"Michael Brown",Houston
613,"Chris White",Seattle
614,"Emily Johnson",Houston
615,"David Lee",Denver
616,"Daniel Harris",Seattle
617,"Jane Smith",Houston
618,"Jane Smith",Boston
619,"Daniel Harris",Miami
620,"David Lee",Dallas
621,"David Lee","San Francisco"
622,"Olivia Wilson",Miami
623,"Chris White",Chicago
624,"John Doe",Miami
625,"Chris White",Boston
626,"Emma Clark",Seattle
627,"Emily Johnson","New York"
628,"Daniel Harris",Chicago
629,"David Lee",Chicago
630,"John Doe","Los Angeles"
631,"Emma Clark",Boston
632,"Olivia Wilson",Denver
633,"Michael Brown",Boston
634,"David Lee","New York"
635,"David Lee",Miami
636,"Emily Johnson",Chicago
637,"David Lee","Los Angeles"
638,"John Doe","New York"
639,"Sophia Miller",Houston
640,"Chris White","Los Angeles"
641,"Michael Brown","San Francisco"
642,"Sophia Miller","New York"
643,"Jane Smith","San Francisco"
644,"Chris White",Denver
645,"Emma Clark","New York"
646,"Emily Johnson","San Francisco"
647,"John Doe",Denver
648,"Olivia Wilson",Dallas
649,"John Doe",Dallas
650,"Emma Clark",Houston
651,"Sophia Miller",Miami
652,"Sophia Miller",Boston
653,"David Lee",Boston
654,"Michael Brown",Dallas
655,"Daniel Harris","San Francisco"
656,"Michael Brown",Miami
657,"John Doe",Seattle
658,"John Doe",Boston
659,"Michael Brown","Los Angeles"
660,"Olivia Wilson",Houston
661,"Olivia Wilson",Seattle
662,"Chris White",Miami
663,"Chris White",Dallas
664,"Sophia Miller",Seattle
665,"Olivia Wilson",Boston
666,"Daniel Harris","New York"
667,"Jane Smith",Chicago
668,"Sophia Miller",Denver
669,"Emily Johnson",Dallas
670,"John Doe",Houston
671,"Michael Brown",Seattle
672,"Olivia Wilson","New York"
673,"Jane Smith","New York"
674,"Emma Clark",Denver
675,"Michael Brown","New York"
676,"Olivia Wilson",Chicago
677,"Olivia Wilson","San Francisco"
678,"Emily Johnson",Seattle
679,"Jane Smith",Miami
680,"Jane Smith",Denver
681,"Chris White",Houston
682,"David Lee",Houston
683,"Emma Clark",Chicago
684,"John Doe","San Francisco"
685,"Emily Johnson","Los Angeles"
686,"Sophia Miller",Dallas
687,"Emma Clark",Dallas
688,"Jane Smith","Los Angeles"
689,"Daniel Harris",Dallas
690,"Jane Smith",Dallas
691,"Emma Clark",Miami
692,"Emily Johnson",Denver
693,"Emma Clark","San Francisco"
694,"Michael Brown",Denver
695,"Chris White","New York"
696,"Emily Johnson",Boston
697,"Daniel Harris",Houston
698,"Emily Johnson",Miami
699,"Daniel Harris",Boston
700,"Emma Clark","Los Angeles"
701,"Sophia Miller","San Francisco"
702,"Michael Brown",Chicago
703,"Jane Smith",Seattle
704,"Michael Brown",Houston
705,"Chris White",Seattle
706,"Emily Johnson",Houston
707,"David Lee",Denver
708,"Daniel Harris",Seattle
709,"Jane Smith",Houston
710,"Jane Smith",Boston
711,"Daniel Harris",Miami
712,"David Lee",Dallas
713,"David Lee","San Francisco"
714,"Olivia Wilson",Miami
715,"Chris White",Chicago
716,"John Doe",Miami
717,"Chris White",Boston
718,"Emma Clark",Seattle
719,"Emily Johnson","New York"
720,"Daniel Harris",Chicago
721,"David Lee",Chicago
722,"John Doe","Los Angeles"
723,"Emma Clark",Boston
724,"Olivia Wilson",Denver
725,"Michael Brown",Boston
726,"David Lee","New York"
727,"David Lee",Miami
728,"Emily Johnson",Chicago
729,"David Lee","Los Angeles"
730,"John Doe","New York"
731,"Sophia Miller",Houston
732,"Chris White","Los Angeles"
733,"Michael Brown","San Francisco"
734,"Sophia Miller","New York"
735,"Jane Smith","San Francisco"
736,"Chris White",Denver
737,"Emma Clark","New York"
738,"Emily Johnson","San Francisco"
739,"John Doe",Denver
740,"Olivia Wilson",Dallas
741,"John Doe",Dallas
742,"Emma Clark",Houston
743,"Sophia Miller",Miami
744,"Sophia Miller",Boston
745,"David Lee",Boston
746,"Michael Brown",Dallas
747,"Daniel Harris","San Francisco"
748,"Michael Brown",Miami
749,"John Doe",Seattle
750,"John Doe",Boston
751,"Michael Brown","Los Angeles"
752,"Olivia Wilson",Houston
753,"Olivia Wilson",Seattle
754,"Chris White",Miami
755,"Chris White",Dallas
756,"Sophia Miller",Seattle
757,"Olivia Wilson",Boston
758,"Daniel Harris","New York"
759,"Jane Smith",Chicago
760,"Sophia Miller",Denver
761,"Emily Johnson",Dallas
762,"John Doe",Houston
763,"Michael Brown",Seattle
764,"Olivia Wilson","New York"
765,"Jane Smith","New York"
766,"Emma Clark",Denver
767,"Michael Brown","New York"
768,"Olivia Wilson",Chicago
769,"Olivia Wilson","San Francisco"
770,"Emily Johnson",Seattle
771,"Jane Smith",Miami
772,"Jane Smith",Denver
773,"Chris White",Houston
774,"David Lee",Houston
775,"Emma Clark",Chicago
776,"John Doe","San Francisco"
777,"Emily Johnson","Los Angeles"
778,"Sophia Miller",Dallas
779,"Emma Clark",Dallas
780,"Jane Smith","Los Angeles"
781,"Daniel Harris",Dallas
782,"Jane Smith",Dallas
783,"Emma Clark",Miami
784,"Emily Johnson",Denver
785,"Emma Clark","San Francisco"
786,"Michael Brown",Denver
787,"Chris White","New York"
788,"Emily Johnson",Boston
789,"Daniel Harris",Houston
790,"Emily Johnson",Miami
791,"Daniel Harris",Boston
792,"Emma Clark","Los Angeles"
793,"Sophia Miller","San Francisco"
794,"Michael Brown",Chicago
795,"Jane Smith",Seattle
796,"Michael Brown",Houston
797,"Chris White",Seattle
798,"Emily Johnson",Houston
799,"David Lee",Denver
800,"Daniel Harris",Seattle
801,"Jane Smith",Houston
802,"Jane Smith",Boston
803,"Daniel Harris",Miami
804,"David Lee",Dallas
805,"David Lee","San Francisco"
806,"Olivia Wilson",Miami
807,"Chris White",Chicago
808,"John Doe",Miami
809,"Chris White",Boston
810,"Emma Clark",Seattle
811,"Emily Johnson","New York"
812,"Daniel Harris",Chicago
813,"David Lee",Chicago
814,"John Doe","Los Angeles"
815,"Emma Clark",Boston
816,"Olivia Wilson",Denver
817,"Michael Brown",Boston
818,"David Lee","New York"
819,"David Lee",Miami
820,"Emily Johnson",Chicago
821,"David Lee","Los Angeles"
822,"John Doe","New York"
823,"Sophia Miller",Houston
824,"Chris White","Los Angeles"
825,"Michael Brown","San Francisco"
826,"Sophia Miller","New York"
827,"Jane Smith","San Francisco"
828,"Chris White",Denver
829,"Emma Clark","New York"
830,"Emily Johnson","San Francisco"
831,"John Doe",Denver
832,"Olivia Wilson",Dallas
833,"John Doe",Dallas
834,"Emma Clark",Houston
835,"Sophia Miller",Miami
836,"Sophia Miller",Boston
837,"David Lee",Boston
838,"Michael Brown",Dallas
839,"Daniel Harris","San Francisco"
840,"Michael Brown",Miami
841,"John Doe",Seattle
842,"John Doe",Boston
843,"Michael Brown","Los Angeles"
844,"Olivia Wilson",Houston
845,"Olivia Wilson",Seattle
846,"Chris White",Miami
847,"Chris White",Dallas
848,"Sophia Miller",Seattle
849,"Olivia Wilson",Boston
850,"Daniel Harris","New York"
851,"Jane Smith",Chicago
852,"Sophia Miller",Denver
853,"Emily Johnson",Dallas
854,"John Doe",Houston
855,"Michael Brown",Seattle
856,"Olivia Wilson","New York"
857,"Jane Smith","New York"
858,"Emma Clark",Denver
859,"Michael Brown","New York"
860,"Olivia Wilson",Chicago
861,"Olivia Wilson","San Francisco"
862,"Emily Johnson",Seattle
863,"Jane Smith",Miami
864,"Jane Smith",Denver
865,"Chris White",Houston
866,"David Lee",Houston
867,"Emma Clark",Chicago
868,"John Doe","San Francisco"
869,"Emily Johnson","Los Angeles"
870,"Sophia Miller",Dallas
871,"Emma Clark",Dallas
872,"Jane Smith","Los Angeles"
873,"Daniel Harris",Dallas
874,"Jane Smith",Dallas
875,"Emma Clark",Miami
876,"Emily Johnson",Denver
877,"Emma Clark","San Francisco"
878,"Michael Brown",Denver
879,"Chris White","New York"
880,"Emily Johnson",Boston
881,"Daniel Harris",Houston
882,"Emily Johnson",Miami
883,"Daniel Harris",Boston
884,"Emma Clark","Los Angeles"
885,"Sophia Miller","San Francisco"
886,"Michael Brown",Chicago
887,"Jane Smith",Seattle
888,"Michael Brown",Houston
889,"Chris White",Seattle
890,"Emily Johnson",Houston
891,"David Lee",Denver
892,"Daniel Harris",Seattle
893,"Jane Smith",Houston
894,"Jane Smith",Boston
895,"Daniel Harris",Miami
896,"David Lee",Dallas
897,"David Lee","San Francisco"
898,"Olivia Wilson",Miami
899,"Chris White",Chicago
900,"John Doe",Miami
901,"Chris White",Boston
902,"Emma Clark",Seattle
903,"Emily Johnson","New York"
904,"Daniel Harris",Chicago
905,"David Lee",Chicago
906,"John Doe","Los Angeles"
907,"Emma Clark",Boston
908,"Olivia Wilson",Denver
909,"Michael Brown",Boston
910,"David Lee","New York"
911,"David Lee",Miami
912,"Emily Johnson",Chicago
913,"David Lee","Los Angeles"
914,"John Doe","New York"
915,"Sophia Miller",Houston
916,"Chris White","Los Angeles"
917,"Michael Brown","San Francisco"
918,"Sophia Miller","New York"
919,"Jane Smith","San Francisco"
920,"Chris White",Denver
921,"Emma Clark","New York"
922,"Emily Johnson","San Francisco"
923,"John Doe",Denver
924,"Olivia Wilson",Dallas
925,"John Doe",Dallas
926,"Emma Clark",Houston
927,"Sophia Miller",Miami
928,"Sophia Miller",Boston
929,"David Lee",Boston
930,"Michael Brown",Dallas
931,"Daniel Harris","San Francisco"
932,"Michael Brown",Miami
933,"John Doe",Seattle
934,"John Doe",Boston
935,"Michael Brown","Los Angeles"
936,"Olivia Wilson",Houston
937,"Olivia Wilson",Seattle
938,"Chris White",Miami
939,"Chris White",Dallas
940,"Sophia Miller",Seattle
941,"Olivia Wilson",Boston
942,"Daniel Harris","New York"
943,"Jane Smith",Chicago
944,"Sophia Miller",Denver
945,"Emily Johnson",Dallas
946,"John Doe",Houston
947,"Michael Brown",Seattle
948,"Olivia Wilson","New York"
949,"Jane Smith","New York"
950,"Emma Clark",Denver
951,"Michael Brown","New York"
952,"Olivia Wilson",Chicago
953,"Olivia Wilson","San Francisco"
954,"Emily Johnson",Seattle
955,"Jane Smith",Miami
956,"Jane Smith",Denver
957,"Chris White",Houston
958,"David Lee",Houston
959,"Emma Clark",Chicago
960,"John Doe","San Francisco"
961,"Emily Johnson","Los Angeles"
962,"Sophia Miller",Dallas
963,"Emma Clark",Dallas
964,"Jane Smith","Los Angeles"
965,"Daniel Harris",Dallas
966,"Jane Smith",Dallas
967,"Emma Clark",Miami
968,"Emily Johnson",Denver
969,"Emma Clark","San Francisco"
970,"Michael Brown",Denver
971,"Chris White","New York"
972,"Emily Johnson",Boston
973,"Daniel Harris",Houston
974,"Emily Johnson",Miami
975,"Daniel Harris",Boston
976,"Emma Clark","Los Angeles"
977,"Sophia Miller","San Francisco"
978,"Michael Brown",Chicago
979,"Jane Smith",Seattle
980,"Michael Brown",Houston
981,"Chris White",Seattle
982,"Emily Johnson",Houston
983,"David Lee",Denver
984,"Daniel Harris",Seattle
985,"Jane Smith",Houston
986,"Jane Smith",Boston
987,"Daniel Harris",Miami
988,"David Lee",Dallas
989,"David Lee","San Francisco"
990,"Olivia Wilson",Miami
991,"Chris White",Chicago
992,"John Doe",Miami
993,"Chris White",Boston
994,"Emma Clark",Seattle
995,"Emily Johnson","New York"
996,"Daniel Harris",Chicago
997,"David Lee",Chicago
998,"John Doe","Los Angeles"
999,"Emma Clark",Boston
1000,"Olivia Wilson",Denver
1001,"Michael Brown",Boston
1002,"David Lee","New York"
1003,"David Lee",Miami
1004,"Emily Johnson",Chicago
1005,"David Lee","Los Angeles"
1006,"John Doe","New York"
1007,"Sophia Miller",Houston
1008,"Chris White","Los Angeles"
1009,"Michael Brown","San Francisco"
1010,"Sophia Miller","New York"
1011,"Jane Smith","San Francisco"
1012,"Chris White",Denver
1013,"Emma Clark","New York"
1014,"Emily Johnson","San Francisco"
1015,"John Doe",Denver
1016,"Olivia Wilson",Dallas
1017,"John Doe",Dallas
1018,"Emma Clark",Houston
1019,"Sophia Miller",Miami
1020,"Sophia Miller",Boston
1021,"David Lee",Boston
1022,"Michael Brown",Dallas
1023,"Daniel Harris","San Francisco"
1024,"Michael Brown",Miami
1025,"John Doe",Seattle
1026,"John Doe",Boston
1027,"Michael Brown","Los Angeles"
1028,"Olivia Wilson",Houston
1029,"Olivia Wilson",Seattle
1030,"Chris White",Miami
1031,"Chris White",Dallas
1032,"Sophia Miller",Seattle
1033,"Olivia Wilson",Boston
1034,"Daniel Harris","New York"
1035,"Jane Smith",Chicago
1036,"Sophia Miller",Denver
1037,"Emily Johnson",Dallas
1038,"John Doe",Houston
1039,"Michael Brown",Seattle
1040,"Olivia Wilson","New York"
1041,"Jane Smith","New York"
1042,"Emma Clark",Denver
1043,"Michael Brown","New York"
1044,"Olivia Wilson",Chicago
1045,"Olivia Wilson","San Francisco"
1046,"Emily Johnson",Seattle
1047,"Jane Smith",Miami
1048,"Jane Smith",Denver
1049,"Chris White",Houston
1050,"David Lee",Houston
1051,"Emma Clark",Chicago
1052,"John Doe","San Francisco"
1053,"Emily Johnson","Los Angeles"
1054,"Sophia Miller",Dallas
1055,"Emma Clark",Dallas
1056,"Jane Smith","Los Angeles"
1057,"Daniel Harris",Dallas
1058,"Jane Smith",Dallas
1059,"Emma Clark",Miami
1060,"Emily Johnson",Denver
1061,"Emma Clark","San Francisco"
1062,"Michael Brown",Denver
1063,"Chris White","New York"
1064,"Emily Johnson",Boston
1065,"Daniel Harris",Houston
1066,"Emily Johnson",Miami
1067,"Daniel Harris",Boston
1068,"Emma Clark","Los Angeles"
1069,"Sophia Miller","San Francisco"
1070,"Michael Brown",Chicago
1071,"Jane Smith",Seattle
1072,"Michael Brown",Houston
1073,"Chris White",Seattle
1074,"Emily Johnson",Houston
1075,"David Lee",Denver
1076,"Daniel Harris",Seattle
1077,"Jane Smith",Houston
1078,"Jane Smith",Boston
1079,"Daniel Harris",Miami
1080,"David Lee",Dallas
1081,"David Lee","San Francisco"
1082,"Olivia Wilson",Miami
1083,"Chris White",Chicago
1084,"John Doe",Miami
1085,"Chris White",Boston
1086,"Emma Clark",Seattle
1087,"Emily Johnson","New York"
1088,"Daniel Harris",Chicago
1089,"David Lee",Chicago
1090,"John Doe","Los Angeles"
1091,"Emma Clark",Boston
1092,"Olivia Wilson",Denver
1093,"Michael Brown",Boston
1094,"David Lee","New York"
1095,"David Lee",Miami
1096,"Emily Johnson",Chicago
1097,"David Lee","Los Angeles"
1098,"John Doe","New York"
1099,"Sophia Miller",Houston
1100,"Chris White","Los Angeles"
1101,"Michael Brown","San Francisco"
1102,"Sophia Miller","New York"
1103,"Jane Smith","San Francisco"
1104,"Chris White",Denver
1105,"Emma Clark","New York"
1106,"Emily Johnson","San Francisco"
1107,"John Doe",Denver
1108,"Olivia Wilson",Dallas
1109,"John Doe",Dallas
1110,"Emma Clark",Houston
1111,"Sophia Miller",Miami
1112,"Sophia Miller",Boston
1113,"David Lee",Boston
1114,"Michael Brown",Dallas
1115,"Daniel Harris","San Francisco"
1116,"Michael Brown",Miami
1117,"John Doe",Seattle
1118,"John Doe",Boston
1119,"Michael Brown","Los Angeles"
1120,"Olivia Wilson",Houston
1121,"Olivia Wilson",Seattle
1122,"Chris White",Miami
1123,"Chris White",Dallas
1124,"Sophia Miller",Seattle
1125,"Olivia Wilson",Boston
1126,"Daniel Harris","New York"
1127,"Jane Smith",Chicago
1128,"Sophia Miller",Denver
1129,"Emily Johnson",Dallas
1130,"John Doe",Houston
1131,"Michael Brown",Seattle
1132,"Olivia Wilson","New York"
1133,"Jane Smith","New York"
1134,"Emma Clark",Denver
1135,"Michael Brown","New York"
1136,"Olivia Wilson",Chicago
1137,"Olivia Wilson","San Francisco"
1138,"Emily Johnson",Seattle
1139,"Jane Smith",Miami
1140,"Jane Smith",Denver
1141,"Chris White",Houston
1142,"David Lee",Houston
1143,"Emma Clark",Chicago
1144,"John Doe","San Francisco"
1145,"Emily Johnson","Los Angeles"
1146,"Sophia Miller",Dallas
1147,"Emma Clark",Dallas
1148,"Jane Smith","Los Angeles"
1149,"Daniel Harris",Dallas
1150,"Jane Smith",Dallas
1151,"Emma Clark",Miami
1152,"Emily Johnson",Denver
1153,"Emma Clark","San Francisco"
1154,"Michael Brown",Denver
1155,"Chris White","New York"
1156,"Emily Johnson",Boston
1157,"Daniel Harris",Houston
1158,"Emily Johnson",Miami
1159,"Daniel Harris",Boston
1160,"Emma Clark","Los Angeles"
1161,"Sophia Miller","San Francisco"
1162,"Michael Brown",Chicago
1163,"Jane Smith",Seattle
1164,"Michael Brown",Houston
1165,"Chris White",Seattle
1166,"Emily Johnson",Houston
1167,"David Lee",Denver
1168,"Daniel Harris",Seattle
1169,"Jane Smith",Houston
1170,"Jane Smith",Boston
1171,"Daniel Harris",Miami
1172,"David Lee",Dallas
1173,"David Lee","San Francisco"
1174,"Olivia Wilson",Miami
1175,"Chris White",Chicago
1176,"John Doe",Miami
1177,"Chris White",Boston
1178,"Emma Clark",Seattle
1179,"Emily Johnson","New York"
1180,"Daniel Harris",Chicago
1181,"David Lee",Chicago
1182,"John Doe","Los Angeles"
1183,"Emma Clark",Boston
1184,"Olivia Wilson",Denver
1185,"Michael Brown",Boston
1186,"David Lee","New York"
1187,"David Lee",Miami
1188,"Emily Johnson",Chicago
1189,"David Lee","Los Angeles"
1190,"John Doe","New York"
1191,"Sophia Miller",Houston
1192,"Chris White","Los Angeles"
1193,"Michael Brown","San Francisco"
1194,"Sophia Miller","New York"
1195,"Jane Smith","San Francisco"
1196,"Chris White",Denver
1197,"Emma Clark","New York"
1198,"Emily Johnson","San Francisco"
1199,"John Doe",Denver
1200,"Olivia Wilson",Dallas
1201,"John Doe",Dallas
1202,"Emma Clark",Houston
1203,"Sophia Miller",Miami
1204,"Sophia Miller",Boston
1205,"David Lee",Boston
1206,"Michael Brown",Dallas
1207,"Daniel Harris","San Francisco"
1208,"Michael Brown",Miami
1209,"John Doe",Seattle
1210,"John Doe",Boston
1211,"Michael Brown","Los Angeles"
1212,"Olivia Wilson",Houston
1213,"Olivia Wilson",Seattle
1214,"Chris White",Miami
1215,"Chris White",Dallas
1216,"Sophia Miller",Seattle
1217,"Olivia Wilson",Boston
1218,"Daniel Harris","New York"
1219,"Jane Smith",Chicago
1220,"Sophia Miller",Denver
1221,"Emily Johnson",Dallas
1222,"John Doe",Houston
1223,"Michael Brown",Seattle
1224,"Olivia Wilson","New York"
1225,"Jane Smith","New York"
1226,"Emma Clark",Denver
1227,"Michael Brown","New York"
1228,"Olivia Wilson",Chicago
1229,"Olivia Wilson","San Francisco"
1230,"Emily Johnson",Seattle
1231,"Jane Smith",Miami
1232,"Jane Smith",Denver
1233,"Chris White",Houston
1234,"David Lee",Houston
1235,"Emma Clark",Chicago
1236,"John Doe","San Francisco"
1237,"Emily Johnson","Los Angeles"
1238,"Sophia Miller",Dallas
1239,"Emma Clark",Dallas
1240,"Jane Smith","Los Angeles"
1241,"Daniel Harris",Dallas
1242,"Jane Smith",Dallas
1243,"Emma Clark",Miami
1244,"Emily Johnson",Denver
1245,"Emma Clark","San Francisco"
1246,"Michael Brown",Denver
1247,"Chris White","New York"
1248,"Emily Johnson",Boston
1249,"Daniel Harris",Houston
1250,"Emily Johnson",Miami
1251,"Daniel Harris",Boston
1252,"Emma Clark","Los Angeles"
1253,"Sophia Miller","San Francisco"
1254,"Michael Brown",Chicago
1255,"Jane Smith",Seattle
1256,"Michael Brown",Houston
1257,"Chris White",Seattle
1258,"Emily Johnson",Houston
1259,"David Lee",Denver
1260,"Daniel Harris",Seattle
1261,"Jane Smith",Houston
1262,"Jane Smith",Boston
1263,"Daniel Harris",Miami
1264,"David Lee",Dallas
1265,"David Lee","San Francisco"
1266,"Olivia Wilson",Miami
1267,"Chris White",Chicago
1268,"John Doe",Miami
1269,"Chris White",Boston
1270,"Emma Clark",Seattle
1271,"Emily Johnson","New York"
1272,"Daniel Harris",Chicago
1273,"David Lee",Chicago
1274,"John Doe","Los Angeles"
1275,"Emma Clark",Boston
1276,"Olivia Wilson",Denver
1277,"Michael Brown",Boston
1278,"David Lee","New York"
1279,"David Lee",Miami
1280,"Emily Johnson",Chicago
1281,"David Lee","Los Angeles"
1282,"John Doe","New York"
1283,"Sophia Miller",Houston
1284,"Chris White","Los Angeles"
1285,"Michael Brown","San Francisco"
1286,"Sophia Miller","New York"
1287,"Jane Smith","San Francisco"
1288,"Chris White",Denver
1289,"Emma Clark","New York"
1290,"Emily Johnson","San Francisco"
1291,"John Doe",Denver
1292,"Olivia Wilson",Dallas
1293,"John Doe",Dallas
1294,"Emma Clark",Houston
1295,"Sophia Miller",Miami
1296,"Sophia Miller",Boston
1297,"David Lee",Boston
1298,"Michael Brown",Dallas
1299,"Daniel Harris","San Francisco"
1300,"Michael Brown",Miami
1301,"John Doe",Seattle
1302,"John Doe",Boston
1303,"Michael Brown","Los Angeles"
1304,"Olivia Wilson",Houston
1305,"Olivia Wilson",Seattle
1306,"Chris White",Miami
1307,"Chris White",Dallas
1308,"Sophia Miller",Seattle
1309,"Olivia Wilson",Boston
1310,"Daniel Harris","New York"
1311,"Jane Smith",Chicago
1312,"Sophia Miller",Denver
1313,"Emily Johnson",Dallas
1314,"John Doe",Houston
1315,"Michael Brown",Seattle
1316,"Olivia Wilson","New York"
1317,"Jane Smith","New York"
1318,"Emma Clark",Denver
1319,"Michael Brown","New York"
1320,"Olivia Wilson",Chicago
1321,"Olivia Wilson","San Francisco"
1322,"Emily Johnson",Seattle
1323,"Jane Smith",Miami
1324,"Jane Smith",Denver
1325,"Chris White",Houston
1326,"David Lee",Houston
1327,"Emma Clark",Chicago
1328,"John Doe","San Francisco"
1329,"Emily Johnson","Los Angeles"
1330,"Sophia Miller",Dallas
1331,"Emma Clark",Dallas
1332,"Jane Smith","Los Angeles"
1333,"Daniel Harris",Dallas
1334,"Jane Smith",Dallas
1335,"Emma Clark",Miami
1336,"Emily Johnson",Denver
1337,"Emma Clark","San Francisco"
1338,"Michael Brown",Denver
1339,"Chris White","New York"
1340,"Emily Johnson",Boston
1341,"Daniel Harris",Houston
1342,"Emily Johnson",Miami
1343,"Daniel Harris",Boston
1344,"Emma Clark","Los Angeles"
1345,"Sophia Miller","San Francisco"
1346,"Michael Brown",Chicago
1347,"Jane Smith",Seattle
1348,"Michael Brown",Houston
1349,"Chris White",Seattle
1350,"Emily Johnson",Houston
1351,"David Lee",Denver
1352,"Daniel Harris",Seattle
1353,"Jane Smith",Houston
1354,"Jane Smith",Boston
1355,"Daniel Harris",Miami
1356,"David Lee",Dallas
1357,"David Lee","San Francisco"
1358,"Olivia Wilson",Miami
1359,"Chris White",Chicago
1360,"John Doe",Miami
1361,"Chris White",Boston
1362,"Emma Clark",Seattle
1363,"Emily Johnson","New York"
1364,"Daniel Harris",Chicago
1365,"David Lee",Chicago
1366,"John Doe","Los Angeles"
1367,"Emma Clark",Boston
1368,"Olivia Wilson",Denver
1369,"Michael Brown",Boston
1370,"David Lee","New York"
1371,"David Lee",Miami
1372,"Emily Johnson",Chicago
1373,"David Lee","Los Angeles"
1374,"John Doe","New York"
1375,"Sophia Miller",Houston
1376,"Chris White","Los Angeles"
1377,"Michael Brown","San Francisco"
1378,"Sophia Miller","New York"
1379,"Jane Smith","San Francisco"
1380,"Chris White",Denver
1381,"Emma Clark","New York"
1382,"Emily Johnson","San Francisco"
1383,"John Doe",Denver
1384,"Olivia Wilson",Dallas
1385,"John Doe",Dallas
1386,"Emma Clark",Houston
1387,"Sophia Miller",Miami
1388,"Sophia Miller",Boston
1389,"David Lee",Boston
1390,"Michael Brown",Dallas
1391,"Daniel Harris","San Francisco"
1392,"Michael Brown",Miami
1393,"John Doe",Seattle
1394,"John Doe",Boston
1395,"Michael Brown","Los Angeles"
1396,"Olivia Wilson",Houston
1397,"Olivia Wilson",Seattle
1398,"Chris White",Miami
1399,"Chris White",Dallas
1400,"Sophia Miller",Seattle
1401,"Olivia Wilson",Boston
1402,"Daniel Harris","New York"
1403,"Jane Smith",Chicago
1404,"Sophia Miller",Denver
1405,"Emily Johnson",Dallas
1406,"John Doe",Houston
1407,"Michael Brown",Seattle
1408,"Olivia Wilson","New York"
1409,"Jane Smith","New York"
1410,"Emma Clark",Denver
1411,"Michael Brown","New York"
1412,"Olivia Wilson",Chicago
1413,"Olivia Wilson","San Francisco"
1414,"Emily Johnson",Seattle
1415,"Jane Smith",Miami
1416,"Jane Smith",Denver
1417,"Chris White",Houston
1418,"David Lee",Houston
1419,"Emma Clark",Chicago
1420,"John Doe","San Francisco"
1421,"Emily Johnson","Los Angeles"
1422,"Sophia Miller",Dallas
1423,"Emma Clark",Dallas
1424,"Jane Smith","Los Angeles"
1425,"Daniel Harris",Dallas
1426,"Jane Smith",Dallas
1427,"Emma Clark",Miami
1428,"Emily Johnson",Denver
1429,"Emma Clark","San Francisco"
1430,"Michael Brown",Denver
1431,"Chris White","New York"
1432,"Emily Johnson",Boston
1433,"Daniel Harris",Houston
1434,"Emily Johnson",Miami
1435,"Daniel Harris",Boston
1436,"Emma Clark","Los Angeles"
1437,"Sophia Miller","San Francisco"
1438,"Michael Brown",Chicago
1439,"Jane Smith",Seattle
1440,"Michael Brown",Houston
1441,"Chris White",Seattle
1442,"Emily Johnson",Houston
1443,"David Lee",Denver
1444,"Daniel Harris",Seattle
1445,"Jane Smith",Houston
1446,"Jane Smith",Boston
1447,"Daniel Harris",Miami
1448,"David Lee",Dallas
1449,"David Lee","San Francisco"
1450,"Olivia Wilson",Miami
1451,"Chris White",Chicago
1452,"John Doe",Miami
1453,"Chris White",Boston
1454,"Emma Clark",Seattle
1455,"Emily Johnson","New York"
1456,"Daniel Harris",Chicago
1457,"David Lee",Chicago
1458,"John Doe","Los Angeles"
1459,"Emma Clark",Boston
1460,"Olivia Wilson",Denver
1461,"Michael Brown",Boston
1462,"David Lee","New York"
1463,"David Lee",Miami
1464,"Emily Johnson",Chicago
1465,"David Lee","Los Angeles"
1466,"John Doe","New York"
1467,"Sophia Miller",Houston
1468,"Chris White","Los Angeles"
1469,"Michael Brown","San Francisco"
1470,"Sophia Miller","New York"
1471,"Jane Smith","San Francisco"
1472,"Chris White",Denver
1473,"Emma Clark","New York"
1474,"Emily Johnson","San Francisco"
1475,"John Doe",Denver
1476,"Olivia Wilson",Dallas
1477,"John Doe",Dallas
1478,"Emma Clark",Houston
1479,"Sophia Miller",Miami
1480,"Sophia Miller",Boston
1481,"David Lee",Boston
1482,"Michael Brown",Dallas
1483,"Daniel Harris","San Francisco"
1484,"Michael Brown",Miami
1485,"John Doe",Seattle
1486,"John Doe",Boston
1487,"Michael Brown","Los Angeles"
1488,"Olivia Wilson",Houston
1489,"Olivia Wilson",Seattle
1490,"Chris White",Miami
1491,"Chris White",Dallas
1492,"Sophia Miller",Seattle
1493,"Olivia Wilson",Boston
1494,"Daniel Harris","New York"
1495,"Jane Smith",Chicago
1496,"Sophia Miller",Denver
1497,"Emily Johnson",Dallas
1498,"John Doe",Houston
1499,"Michael Brown",Seattle
1500,"Olivia Wilson","New York"
1501,"Jane Smith","New York"
1502,"Emma Clark",Denver
1503,"Michael Brown","New York"
1504,"Olivia Wilson",Chicago
1505,"Olivia Wilson","San Francisco"
1506,"Emily Johnson",Seattle
1507,"Jane Smith",Miami
1508,"Jane Smith",Denver
1509,"Chris White",Houston
1510,"David Lee",Houston
1511,"Emma Clark",Chicago
1512,"John Doe","San Francisco"
1513,"Emily Johnson","Los Angeles"
1514,"Sophia Miller",Dallas
1515,"Emma Clark",Dallas
1516,"Jane Smith","Los Angeles"
1517,"Daniel Harris",Dallas
1518,"Jane Smith",Dallas
1519,"Emma Clark",Miami
1520,"Emily Johnson",Denver
1521,"Emma Clark","San Francisco"
1522,"Michael Brown",Denver
1523,"Chris White","New York"
1524,"Emily Johnson",Boston
1525,"Daniel Harris",Houston
1526,"Emily Johnson",Miami
1527,"Daniel Harris",Boston
1528,"Emma Clark","Los Angeles"
1529,"Sophia Miller","San Francisco"
1530,"Michael Brown",Chicago
1531,"Jane Smith",Seattle
1532,"Michael Brown",Houston
1533,"Chris White",Seattle
1534,"Emily Johnson",Houston
1535,"David Lee",Denver
1536,"Daniel Harris",Seattle
1537,"Jane Smith",Houston
1538,"Jane Smith",Boston
1539,"Daniel Harris",Miami
1540,"David Lee",Dallas
1541,"David Lee","San Francisco"
1542,"Olivia Wilson",Miami
1543,"Chris White",Chicago
1544,"John Doe",Miami
1545,"Chris White",Boston
1546,"Emma Clark",Seattle
1547,"Emily Johnson","New York"
1548,"Daniel Harris",Chicago
1549,"David Lee",Chicago
1550,"John Doe","Los Angeles"
1551,"Emma Clark",Boston
1552,"Olivia Wilson",Denver
1553,"Michael Brown",Boston
1554,"David Lee","New York"
1555,"David Lee",Miami
1556,"Emily Johnson",Chicago
1557,"David Lee","Los Angeles"
1558,"John Doe","New York"
1559,"Sophia Miller",Houston
1560,"Chris White","Los Angeles"
1561,"Michael Brown","San Francisco"
1562,"Sophia Miller","New York"
1563,"Jane Smith","San Francisco"
1564,"Chris White",Denver
1565,"Emma Clark","New York"
1566,"Emily Johnson","San Francisco"
1567,"John Doe",Denver
1568,"Olivia Wilson",Dallas
1569,"John Doe",Dallas
1570,"Emma Clark",Houston
1571,"Sophia Miller",Miami
1572,"Sophia Miller",Boston
1573,"David Lee",Boston
1574,"Michael Brown",Dallas
1575,"Daniel Harris","San Francisco"
1576,"Michael Brown",Miami
1577,"John Doe",Seattle
1578,"John Doe",Boston
1579,"Michael Brown","Los Angeles"
1580,"Olivia Wilson",Houston
1581,"Olivia Wilson",Seattle
1582,"Chris White",Miami
1583,"Chris White",Dallas
1584,"Sophia Miller",Seattle
1585,"Olivia Wilson",Boston
1586,"Daniel Harris","New York"
1587,"Jane Smith",Chicago
1588,"Sophia Miller",Denver
1589,"Emily Johnson",Dallas
1590,"John Doe",Houston
1591,"Michael Brown",Seattle
1592,"Olivia Wilson","New York"
1593,"Jane Smith","New York"
1594,"Emma Clark",Denver
1595,"Michael Brown","New York"
1596,"Olivia Wilson",Chicago
1597,"Olivia Wilson","San Francisco"
1598,"Emily Johnson",Seattle
1599,"Jane Smith",Miami
1600,"Jane Smith",Denver
1601,"Chris White",Houston
1602,"David Lee",Houston
1603,"Emma Clark",Chicago
1604,"John Doe","San Francisco"
1605,"Emily Johnson","Los Angeles"
1606,"Sophia Miller",Dallas
1607,"Emma Clark",Dallas
1608,"Jane Smith","Los Angeles"
1609,"Daniel Harris",Dallas
1610,"Jane Smith",Dallas
1611,"Emma Clark",Miami
1612,"Emily Johnson",Denver
1613,"Emma Clark","San Francisco"
1614,"Michael Brown",Denver
1615,"Chris White","New York"
1616,"Emily Johnson",Boston
1617,"Daniel Harris",Houston
1618,"Emily Johnson",Miami
1619,"Daniel Harris",Boston
1620,"Emma Clark","Los Angeles"
1621,"Sophia Miller","San Francisco"
1622,"Michael Brown",Chicago
1623,"Jane Smith",Seattle
1624,"Michael Brown",Houston
1625,"Chris White",Seattle
1626,"Emily Johnson",Houston
1627,"David Lee",Denver
1628,"Daniel Harris",Seattle
1629,"Jane Smith",Houston
1630,"Jane Smith",Boston
1631,"Daniel Harris",Miami
1632,"David Lee",Dallas
1633,"David Lee","San Francisco"
1634,"Olivia Wilson",Miami
1635,"Chris White",Chicago
1636,"John Doe",Miami
1637,"Chris White",Boston
1638,"Emma Clark",Seattle
1639,"Emily Johnson","New York"
1640,"Daniel Harris",Chicago
1641,"David Lee",Chicago
1642,"John Doe","Los Angeles"
1643,"Emma Clark",Boston
1644,"Olivia Wilson",Denver
1645,"Michael Brown",Boston
1646,"David Lee","New York"
1647,"David Lee",Miami
1648,"Emily Johnson",Chicago
1649,"David Lee","Los Angeles"
1650,"John Doe","New York"
1651,"Sophia Miller",Houston
1652,"Chris White","Los Angeles"
1653,"Michael Brown","San Francisco"
1654,"Sophia Miller","New York"
1655,"Jane Smith","San Francisco"
1656,"Chris White",Denver
